Year,Destination,Trips_Thousand,YoY_Change_Thousand,YoY_Change_Pct
2010,France,635.0,,
2010,France,5952.0,5317.0,837.3228346456693
2010,France,9.4,-5942.6,-99.84206989247312
2010,France,500.6,491.20000000000005,5225.531914893618
2011,France,496.0,-4.600000000000023,-0.9188973232121533
2011,France,4455.0,3959.0,798.1854838709678
2011,France,9.0,-4446.0,-99.79797979797979
2011,France,374.0,365.0,4055.5555555555557
2012,France,630.0,256.0,68.44919786096257
2012,France,5825.0,5195.0,824.6031746031745
2012,France,9.2,-5815.8,-99.84206008583692
2012,France,495.6,486.40000000000003,5286.956521739131
2013,France,538.0,42.39999999999998,8.555286521388217
2013,France,5176.0,4638.0,862.0817843866171
2013,France,9.6,-5166.4,-99.8145285935085
2013,France,433.2,423.59999999999997,4412.5
2014,France,586.0,152.8,35.27239150507848
2014,France,5129.0,4543.0,775.2559726962457
2014,France,8.7,-5120.3,-99.8303762916748
2014,France,473.3,464.6,5340.229885057472
2015,France,632.0,158.7,33.530530319036544
2015,France,5565.0,4933.0,780.5379746835443
2015,France,8.8,-5556.2,-99.84186882300091
2015,France,486.0,477.2,5422.727272727272
2016,France,610.0,124.0,25.514403292181065
2016,France,5345.0,4735.0,776.2295081967213
2016,France,8.8,-5336.2,-99.8353601496726
2016,France,449.6,440.8,5009.090909090909
2017,France,550.0,100.39999999999998,22.330960854092517
2017,France,5208.0,4658.0,846.9090909090909
2017,France,9.5,-5198.5,-99.81758832565284
2017,France,476.8,467.3,4918.9473684210525
2018,France,651.0,174.2,36.53523489932886
2018,France,5041.0,4390.0,674.347158218126
2018,France,7.7,-5033.3,-99.84725252926006
2018,France,485.8,478.1,6209.090909090909
2019,France,610.0,124.19999999999999,25.566076574722096
2019,France,5224.0,4614.0,756.3934426229508
2019,France,8.6,-5215.4,-99.83537519142419
2019,France,524.4,515.8,5997.674418604651
2021,France,149.0,-375.4,-71.58657513348588
2021,France,1072.0,923.0,619.4630872483222
2021,France,7.2,-1064.8,-99.32835820895522
2021,France,109.0,101.8,1413.888888888889
2022,France,598.0,489.0,448.6238532110092
2022,France,5640.0,5042.0,843.14381270903
2022,France,9.4,-5630.6,-99.83333333333333
2022,France,568.0,558.6,5942.553191489362
2023,France,1022.0,454.0,79.92957746478872
2023,France,6415.0,5393.0,527.6908023483367
2023,France,6.3,-6408.7,-99.90179267342167
2023,France,1279.0,1272.7,20201.5873015873
2024,France,926.0,-353.0,-27.599687255668492
2024,France,6503.0,5577.0,602.267818574514
2024,France,7.0,-6496.0,-99.89235737351991
2024,France,750.0,743.0,10614.285714285714
2010,Great Britain,1960.0,,
2010,Great Britain,9456.0,7496.0,382.44897959183675
2010,Great Britain,4.8,-9451.2,-99.9492385786802
2010,Great Britain,876.9,872.1,18168.75
2011,Great Britain,1934.0,1057.1,120.54966358763828
2011,Great Britain,9531.0,7597.0,392.81282316442605
2011,Great Britain,4.9,-9526.1,-99.94858881544434
2011,Great Britain,907.6,902.7,18422.448979591834
2012,Great Britain,1784.0,876.4,96.56236227412958
2012,Great Britain,7991.0,6207.0,347.92600896860984
2012,Great Britain,4.5,-7986.5,-99.94368664747842
2012,Great Britain,789.0,784.5,17433.333333333336
2013,Great Britain,2011.0,1222.0,154.87959442332064
2013,Great Britain,8528.0,6517.0,324.06762804574834
2013,Great Britain,4.2,-8523.8,-99.95075046904314
2013,Great Britain,864.9,860.6999999999999,20492.85714285714
2014,Great Britain,1965.0,1100.1,127.19389524800557
2014,Great Britain,8675.0,6710.0,341.4758269720102
2014,Great Britain,4.4,-8670.6,-99.9492795389049
2014,Great Britain,897.2,892.8000000000001,20290.909090909092
2015,Great Britain,1933.0,1035.8,115.44806063308069
2015,Great Britain,7975.0,6042.0,312.5711329539576
2015,Great Britain,4.1,-7970.9,-99.9485893416928
2015,Great Britain,946.5,942.4,22985.36585365854
2016,Great Britain,2009.0,1062.5,112.25567881669308
2016,Great Britain,8038.0,6029.0,300.09955201592834
2016,Great Britain,4.0,-8034.0,-99.95023637720826
2016,Great Britain,913.2,909.2,22730.0
2017,Great Britain,2114.0,1200.8,131.49364870784055
2017,Great Britain,8026.0,5912.0,279.6594134342479
2017,Great Britain,3.8,-8022.2,-99.95265387490655
2017,Great Britain,929.6,925.8000000000001,24363.157894736843
2018,Great Britain,2137.0,1207.4,129.88382099827885
2018,Great Britain,7601.0,5464.0,255.68554047730464
2018,Great Britain,3.6,-7597.4,-99.95263781081437
2018,Great Britain,989.0,985.4,27372.222222222223
2019,Great Britain,2304.0,1315.0,132.96258847320524
2019,Great Britain,8782.0,6478.0,281.16319444444446
2019,Great Britain,3.8,-8778.2,-99.95672967433387
2019,Great Britain,1040.8,1037.0,27289.473684210527
2021,Great Britain,535.0,-505.79999999999995,-48.59723289777095
2021,Great Britain,3261.0,2726.0,509.5327102803738
2021,Great Britain,6.1,-3254.9,-99.8129408157007
2021,Great Britain,353.0,346.9,5686.88524590164
2022,Great Britain,1653.0,1300.0,368.2719546742209
2022,Great Britain,6014.0,4361.0,263.82335148215367
2022,Great Britain,3.6,-6010.4,-99.94013967409379
2022,Great Britain,876.0,872.4,24233.333333333332
2023,Great Britain,3099.0,2223.0,253.7671232876712
2023,Great Britain,10147.0,7048.0,227.42820264601485
2023,Great Britain,3.3,-10143.7,-99.96747807233665
2023,Great Britain,1482.0,1478.7,44809.09090909091
2024,Great Britain,3112.0,1630.0,109.98650472334681
2024,Great Britain,10594.0,7482.0,240.4241645244216
2024,Great Britain,3.4,-10590.6,-99.96790636209175
2024,Great Britain,1705.0,1701.6,50047.05882352941
2010,Other Europe (22),818.0,,
2010,Other Europe (22),6428.0,5610.0,685.8190709046455
2010,Other Europe (22),7.9,-6420.1,-99.87710018668326
2010,Other Europe (22),632.8,624.9,7910.12658227848
2011,Other Europe (22),781.0,148.20000000000005,23.419721871049305
2011,Other Europe (22),5983.0,5202.0,666.0691421254802
2011,Other Europe (22),7.7,-5975.3,-99.87130202239679
2011,Other Europe (22),647.8,640.0999999999999,8312.987012987012
2012,Other Europe (22),772.0,124.20000000000005,19.172584130904614
2012,Other Europe (22),5628.0,4856.0,629.0155440414508
2012,Other Europe (22),7.3,-5620.7,-99.87029140014214
2012,Other Europe (22),545.4,538.1,7371.232876712328
2013,Other Europe (22),724.0,178.60000000000002,32.74660799413276
2013,Other Europe (22),5566.0,4842.0,668.7845303867404
2013,Other Europe (22),7.7,-5558.3,-99.86166007905139
2013,Other Europe (22),568.6,560.9,7284.415584415585
2014,Other Europe (22),781.0,212.39999999999998,37.35490678860358
2014,Other Europe (22),6983.0,6202.0,794.1101152368757
2014,Other Europe (22),8.9,-6974.1,-99.87254761563797
2014,Other Europe (22),704.2,695.3000000000001,7812.359550561799
2015,Other Europe (22),955.0,250.79999999999995,35.61488213575687
2015,Other Europe (22),6346.0,5391.0,564.5026178010471
2015,Other Europe (22),6.6,-6339.4,-99.89599747872676
2015,Other Europe (22),739.4,732.8,11103.030303030304
2016,Other Europe (22),1007.0,267.6,36.191506626994865
2016,Other Europe (22),6408.0,5401.0,536.3455809334657
2016,Other Europe (22),6.4,-6401.6,-99.90012484394506
2016,Other Europe (22),783.9,777.5,12148.437499999998
2017,Other Europe (22),1135.0,351.1,44.788876132159714
2017,Other Europe (22),7128.0,5993.0,528.0176211453744
2017,Other Europe (22),6.3,-7121.7,-99.91161616161615
2017,Other Europe (22),930.7,924.4000000000001,14673.015873015873
2018,Other Europe (22),1238.0,307.29999999999995,33.01815837541635
2018,Other Europe (22),8134.0,6896.0,557.0274636510501
2018,Other Europe (22),6.6,-8127.4,-99.91885910990902
2018,Other Europe (22),991.8,985.1999999999999,14927.272727272728
2019,Other Europe (22),1349.0,357.20000000000005,36.0153256704981
2019,Other Europe (22),9317.0,7968.0,590.6597479614529
2019,Other Europe (22),6.9,-9310.1,-99.92594182676827
2019,Other Europe (22),1132.7,1125.8,16315.942028985506
2021,Other Europe (22),398.0,-734.7,-64.86271740090051
2021,Other Europe (22),4962.0,4564.0,1146.7336683417086
2021,Other Europe (22),12.5,-4949.5,-99.74808544941556
2021,Other Europe (22),631.0,618.5,4948.0
2022,Other Europe (22),1634.0,1003.0,158.9540412044374
2022,Other Europe (22),13577.0,11943.0,730.905752753978
2022,Other Europe (22),8.3,-13568.7,-99.93886720188554
2022,Other Europe (22),1704.0,1695.7,20430.12048192771
2023,Other Europe (22),1991.0,287.0,16.842723004694825
2023,Other Europe (22),13773.0,11782.0,591.7629331993973
2023,Other Europe (22),6.9,-13766.1,-99.94990198213897
2023,Other Europe (22),1989.0,1982.1,28726.086956521736
2024,Other Europe (22),2075.0,86.0,4.3237807943690365
2024,Other Europe (22),12848.0,10773.0,519.1807228915662
2024,Other Europe (22),6.2,-12841.8,-99.95174346201743
2024,Other Europe (22),1823.0,1816.8,29303.22580645161
2010,Other countries (26),224.0,,
2010,Other countries (26),3922.0,3698.0,1650.8928571428573
2010,Other countries (26),17.5,-3904.5,-99.55379908210097
2010,Other countries (26),468.4,450.9,2576.5714285714284
2011,Other countries (26),191.0,-277.4,-59.22288642186165
2011,Other countries (26),4054.0,3863.0,2022.5130890052355
2011,Other countries (26),21.2,-4032.8,-99.47705969412925
2011,Other countries (26),459.5,438.3,2067.452830188679
2012,Other countries (26),216.0,-243.5,-52.9923830250272
2012,Other countries (26),3962.0,3746.0,1734.2592592592591
2012,Other countries (26),18.3,-3943.7,-99.53811206461383
2012,Other countries (26),480.6,462.3,2526.2295081967213
2013,Other countries (26),232.0,-248.60000000000002,-51.72700790678319
2013,Other countries (26),5083.0,4851.0,2090.948275862069
2013,Other countries (26),21.9,-5061.1,-99.56915207554594
2013,Other countries (26),564.4,542.5,2477.1689497716898
2014,Other countries (26),174.0,-390.4,-69.17080085046067
2014,Other countries (26),3168.0,2994.0,1720.689655172414
2014,Other countries (26),18.2,-3149.8,-99.42550505050505
2014,Other countries (26),365.2,347.0,1906.5934065934066
2015,Other countries (26),164.0,-201.2,-55.093099671412915
2015,Other countries (26),3000.0,2836.0,1729.2682926829268
2015,Other countries (26),18.3,-2981.7,-99.39
2015,Other countries (26),383.9,365.59999999999997,1997.8142076502731
2016,Other countries (26),192.0,-191.89999999999998,-49.98697577494139
2016,Other countries (26),3698.0,3506.0,1826.0416666666667
2016,Other countries (26),19.3,-3678.7,-99.47809626825311
2016,Other countries (26),455.0,435.7,2257.5129533678755
2017,Other countries (26),125.0,-330.0,-72.52747252747253
2017,Other countries (26),2210.0,2085.0,1668.0
2017,Other countries (26),17.6,-2192.4,-99.20361990950227
2017,Other countries (26),295.2,277.59999999999997,1577.272727272727
2018,Other countries (26),206.0,-89.19999999999999,-30.216802168021673
2018,Other countries (26),4189.0,3983.0,1933.495145631068
2018,Other countries (26),20.3,-4168.7,-99.51539746956314
2018,Other countries (26),490.7,470.4,2317.2413793103447
2019,Other countries (26),193.0,-297.7,-60.66843285102914
2019,Other countries (26),3422.0,3229.0,1673.0569948186528
2019,Other countries (26),17.8,-3404.2,-99.47983635300993
2019,Other countries (26),395.8,378.0,2123.595505617978
2021,Other countries (26),59.0,-336.8,-85.09348155634159
2021,Other countries (26),1527.0,1468.0,2488.135593220339
2021,Other countries (26),25.9,-1501.1,-98.30386378519974
2021,Other countries (26),53.0,27.1,104.63320463320463
2022,Other countries (26),276.0,223.0,420.75471698113205
2022,Other countries (26),4370.0,4094.0,1483.3333333333335
2022,Other countries (26),15.8,-4354.2,-99.63844393592677
2022,Other countries (26),571.0,555.2,3513.924050632911
2023,Other countries (26),297.0,-274.0,-47.98598949211909
2023,Other countries (26),5025.0,4728.0,1591.9191919191921
2023,Other countries (26),16.9,-5008.1,-99.6636815920398
2023,Other countries (26),1031.0,1014.1,6000.591715976332
2024,Other countries (26),314.0,-717.0,-69.54413191076625
2024,Other countries (26),3444.0,3130.0,996.8152866242038
2024,Other countries (26),11.0,-3433.0,-99.68060394889663
2024,Other countries (26),658.0,647.0,5881.818181818182
2010,Portugal,333.0,,
2010,Portugal,3019.0,2686.0,806.6066066066065
2010,Portugal,9.1,-3009.9,-99.69857568731368
2010,Portugal,328.4,319.29999999999995,3508.7912087912086
2011,Portugal,337.0,8.600000000000023,2.618757612667477
2011,Portugal,3283.0,2946.0,874.1839762611276
2011,Portugal,9.7,-3273.3,-99.70453853183065
2011,Portugal,274.0,264.3,2724.7422680412374
2012,Portugal,351.0,77.0,28.102189781021902
2012,Portugal,3375.0,3024.0,861.5384615384615
2012,Portugal,9.6,-3365.4,-99.71555555555555
2012,Portugal,299.5,289.9,3019.791666666667
2013,Portugal,322.0,22.5,7.512520868113515
2013,Portugal,2871.0,2549.0,791.6149068322982
2013,Portugal,8.9,-2862.1,-99.69000348310692
2013,Portugal,246.5,237.6,2669.6629213483147
2014,Portugal,370.0,123.5,50.10141987829615
2014,Portugal,3337.0,2967.0,801.8918918918919
2014,Portugal,9.0,-3328.0,-99.73029667365898
2014,Portugal,302.7,293.7,3263.3333333333335
2015,Portugal,313.0,10.300000000000011,3.4027089527585153
2015,Portugal,2746.0,2433.0,777.3162939297125
2015,Portugal,8.8,-2737.2,-99.67953386744355
2015,Portugal,269.3,260.5,2960.2272727272725
2016,Portugal,479.0,209.7,77.8685480876346
2016,Portugal,3909.0,3430.0,716.0751565762004
2016,Portugal,8.2,-3900.8,-99.79022767971348
2016,Portugal,382.5,374.3,4564.634146341464
2017,Portugal,526.0,143.5,37.51633986928105
2017,Portugal,4330.0,3804.0,723.1939163498099
2017,Portugal,8.2,-4321.8,-99.81062355658199
2017,Portugal,448.9,440.7,5374.390243902439
2018,Portugal,418.0,-30.899999999999977,-6.883492982846951
2018,Portugal,3329.0,2911.0,696.4114832535885
2018,Portugal,8.0,-3321.0,-99.75968759387203
2018,Portugal,355.9,347.9,4348.75
2019,Portugal,522.0,166.10000000000002,46.670413037370054
2019,Portugal,3922.0,3400.0,651.3409961685824
2019,Portugal,7.5,-3914.5,-99.80877103518613
2019,Portugal,443.0,435.5,5806.666666666667
2021,Portugal,116.0,-327.0,-73.81489841986456
2021,Portugal,806.0,690.0,594.8275862068965
2021,Portugal,7.0,-799.0,-99.13151364764268
2021,Portugal,109.0,102.0,1457.142857142857
2022,Portugal,481.0,372.0,341.2844036697248
2022,Portugal,3724.0,3243.0,674.2203742203742
2022,Portugal,7.7,-3716.3,-99.79323308270676
2022,Portugal,562.0,554.3,7198.701298701299
2023,Portugal,709.0,147.0,26.156583629893237
2023,Portugal,5111.0,4402.0,620.8744710860367
2023,Portugal,7.2,-5103.8,-99.85912737233417
2023,Portugal,725.0,717.8,9969.444444444443
2024,Portugal,777.0,52.0,7.172413793103449
2024,Portugal,5193.0,4416.0,568.3397683397684
2024,Portugal,6.7,-5186.3,-99.87098016560755
2024,Portugal,687.0,680.3,10153.731343283582
2010,Spain,1371.0,,
2010,Spain,14348.0,12977.0,946.5353756382203
2010,Spain,10.5,-14337.5,-99.92681906885977
2010,Spain,1198.1,1187.6,11310.47619047619
2011,Spain,1410.0,211.9000000000001,17.686336699774664
2011,Spain,13947.0,12537.0,889.1489361702128
2011,Spain,9.9,-13937.1,-99.9290169929017
2011,Spain,1137.6,1127.6999999999998,11390.90909090909
2012,Spain,1339.0,201.4000000000001,17.70393811533053
2012,Spain,12497.0,11158.0,833.3084391336819
2012,Spain,9.3,-12487.7,-99.92558213971353
2012,Spain,1093.0,1083.7,11652.68817204301
2013,Spain,1367.0,274.0,25.068618481244286
2013,Spain,12690.0,11323.0,828.310168251646
2013,Spain,9.3,-12680.7,-99.92671394799054
2013,Spain,1101.4,1092.1000000000001,11743.010752688173
2014,Spain,1290.0,188.5999999999999,17.12366079535137
2014,Spain,12872.0,11582.0,897.829457364341
2014,Spain,10.0,-12862.0,-99.92231199502797
2014,Spain,1141.3,1131.3,11313.0
2015,Spain,1552.0,410.70000000000005,35.9852799439236
2015,Spain,14034.0,12482.0,804.2525773195877
2015,Spain,9.0,-14025.0,-99.93587002992732
2015,Spain,1317.7,1308.7,14541.111111111113
2016,Spain,1587.0,269.29999999999995,20.437125294073
2016,Spain,14652.0,13065.0,823.2514177693762
2016,Spain,9.2,-14642.8,-99.93720993720994
2016,Spain,1428.6,1419.3999999999999,15428.260869565218
2017,Spain,1758.0,329.4000000000001,23.057538849223015
2017,Spain,14579.0,12821.0,729.2946530147896
2017,Spain,8.3,-14570.7,-99.94306879758557
2017,Spain,1526.9,1518.6000000000001,18296.385542168675
2018,Spain,1786.0,259.0999999999999,16.96902220184686
2018,Spain,15072.0,13286.0,743.8969764837626
2018,Spain,8.4,-15063.6,-99.94426751592357
2018,Spain,1546.2,1537.8,18307.142857142855
2019,Spain,1881.0,334.79999999999995,21.65308498253784
2019,Spain,16389.0,14508.0,771.2918660287082
2019,Spain,8.7,-16380.3,-99.94691561413143
2019,Spain,1699.8,1691.1,19437.931034482757
2021,Spain,272.0,-1427.8,-83.99811742557948
2021,Spain,2453.0,2181.0,801.8382352941176
2021,Spain,9.0,-2444.0,-99.63310232368528
2021,Spain,333.0,324.0,3600.0
2022,Spain,1669.0,1336.0,401.20120120120123
2022,Spain,15044.0,13375.0,801.3780707010186
2022,Spain,9.0,-15035.0,-99.94017548524329
2022,Spain,1815.0,1806.0,20066.666666666664
2023,Spain,2266.0,451.0,24.84848484848485
2023,Spain,17905.0,15639.0,690.1588702559576
2023,Spain,7.9,-17897.1,-99.95587824629992
2023,Spain,2840.0,2832.1,35849.3670886076
2024,Spain,3164.0,324.0,11.40845070422536
2024,Spain,23581.0,20417.0,645.2907711757268
2024,Spain,7.5,-23573.5,-99.9681947330478
2024,Spain,3184.0,3176.5,42353.333333333336
2010,United Kingdom (includes Great Britain & Northern Ireland),2343.0,,
2010,United Kingdom (includes Great Britain & Northern Ireland),10451.0,8108.0,346.0520699957319
2010,United Kingdom (includes Great Britain & Northern Ireland),4.5,-10446.5,-99.95694191943355
2010,United Kingdom (includes Great Britain & Northern Ireland),984.7,980.2,21782.222222222223
2011,United Kingdom (includes Great Britain & Northern Ireland),2304.0,1319.3,133.9798923530009
2011,United Kingdom (includes Great Britain & Northern Ireland),10679.0,8375.0,363.4982638888889
2011,United Kingdom (includes Great Britain & Northern Ireland),4.6,-10674.4,-99.95692480569342
2011,United Kingdom (includes Great Britain & Northern Ireland),976.2,971.6,21121.739130434784
2012,United Kingdom (includes Great Britain & Northern Ireland),2237.0,1260.8,129.1538619135423
2012,United Kingdom (includes Great Britain & Northern Ireland),9239.0,7002.0,313.0084935181047
2012,United Kingdom (includes Great Britain & Northern Ireland),4.1,-9234.9,-99.95562290291157
2012,United Kingdom (includes Great Britain & Northern Ireland),871.8,867.6999999999999,21163.414634146342
2013,United Kingdom (includes Great Britain & Northern Ireland),2407.0,1535.2,176.0954347327369
2013,United Kingdom (includes Great Britain & Northern Ireland),9531.0,7124.0,295.9700872455338
2013,United Kingdom (includes Great Britain & Northern Ireland),4.0,-9527.0,-99.958031686077
2013,United Kingdom (includes Great Britain & Northern Ireland),924.0,920.0,23000.0
2014,United Kingdom (includes Great Britain & Northern Ireland),2355.0,1431.0,154.87012987012986
2014,United Kingdom (includes Great Britain & Northern Ireland),9763.0,7408.0,314.5647558386412
2014,United Kingdom (includes Great Britain & Northern Ireland),4.1,-9758.9,-99.95800471166649
2014,United Kingdom (includes Great Britain & Northern Ireland),973.1,969.0,23634.146341463416
2015,United Kingdom (includes Great Britain & Northern Ireland),2269.0,1295.9,133.17233583393278
2015,United Kingdom (includes Great Britain & Northern Ireland),8826.0,6557.0,288.98193036579994
2015,United Kingdom (includes Great Britain & Northern Ireland),3.9,-8822.1,-99.95581237253569
2015,United Kingdom (includes Great Britain & Northern Ireland),1030.3,1026.3999999999999,26317.94871794872
2016,United Kingdom (includes Great Britain & Northern Ireland),2463.0,1432.7,139.05658546054548
2016,United Kingdom (includes Great Britain & Northern Ireland),9040.0,6577.0,267.03207470564354
2016,United Kingdom (includes Great Britain & Northern Ireland),3.7,-9036.3,-99.95907079646018
2016,United Kingdom (includes Great Britain & Northern Ireland),998.3,994.5999999999999,26881.081081081076
2017,United Kingdom (includes Great Britain & Northern Ireland),2597.0,1598.7,160.14224181107886
2017,United Kingdom (includes Great Britain & Northern Ireland),9072.0,6475.0,249.32614555256066
2017,United Kingdom (includes Great Britain & Northern Ireland),3.5,-9068.5,-99.96141975308642
2017,United Kingdom (includes Great Britain & Northern Ireland),1032.7,1029.2,29405.714285714286
2018,United Kingdom (includes Great Britain & Northern Ireland),2728.0,1695.3,164.16190568412898
2018,United Kingdom (includes Great Britain & Northern Ireland),9107.0,6379.0,233.8343108504399
2018,United Kingdom (includes Great Britain & Northern Ireland),3.3,-9103.7,-99.96376413747666
2018,United Kingdom (includes Great Britain & Northern Ireland),1111.4,1108.1000000000001,33578.78787878788
2019,United Kingdom (includes Great Britain & Northern Ireland),3059.0,1947.6,175.2384380061184
2019,United Kingdom (includes Great Britain & Northern Ireland),10640.0,7581.0,247.82608695652172
2019,United Kingdom (includes Great Britain & Northern Ireland),3.5,-10636.5,-99.96710526315789
2019,United Kingdom (includes Great Britain & Northern Ireland),1202.4,1198.9,34254.28571428572
2021,United Kingdom (includes Great Britain & Northern Ireland),1083.0,-119.40000000000009,-9.930139720558884
2021,United Kingdom (includes Great Britain & Northern Ireland),4757.0,3674.0,339.2428439519852
2021,United Kingdom (includes Great Britain & Northern Ireland),4.4,-4752.6,-99.90750472987176
2021,United Kingdom (includes Great Britain & Northern Ireland),484.0,479.6,10899.999999999998
2022,United Kingdom (includes Great Britain & Northern Ireland),2550.0,2066.0,426.8595041322314
2022,United Kingdom (includes Great Britain & Northern Ireland),8090.0,5540.0,217.2549019607843
2022,United Kingdom (includes Great Britain & Northern Ireland),3.2,-8086.8,-99.96044499381954
2022,United Kingdom (includes Great Britain & Northern Ireland),1088.0,1084.8,33900.0
2023,United Kingdom (includes Great Britain & Northern Ireland),4412.0,3324.0,305.5147058823529
2023,United Kingdom (includes Great Britain & Northern Ireland),13146.0,8734.0,197.96010879419765
2023,United Kingdom (includes Great Britain & Northern Ireland),3.0,-13143.0,-99.97717937015061
2023,United Kingdom (includes Great Britain & Northern Ireland),1791.0,1788.0,59600.0
2024,United Kingdom (includes Great Britain & Northern Ireland),4241.0,2450.0,136.79508654383028
2024,United Kingdom (includes Great Britain & Northern Ireland),13067.0,8826.0,208.1112945060127
2024,United Kingdom (includes Great Britain & Northern Ireland),3.1,-13063.9,-99.97627611540521
2024,United Kingdom (includes Great Britain & Northern Ireland),1993.0,1989.9,64190.32258064516
2010,United States and Canada,452.0,,
2010,United States and Canada,5947.0,5495.0,1215.7079646017698
2010,United States and Canada,13.1,-5933.9,-99.77972086766437
2010,United States and Canada,876.5,863.4,6590.839694656489
2011,United States and Canada,410.0,-466.5,-53.223046206503135
2011,United States and Canada,5725.0,5315.0,1296.341463414634
2011,United States and Canada,14.0,-5711.0,-99.75545851528385
2011,United States and Canada,785.1,771.1,5507.857142857143
2012,United States and Canada,388.0,-397.1,-50.579544007132846
2012,United States and Canada,5838.0,5450.0,1404.639175257732
2012,United States and Canada,15.0,-5823.0,-99.74306269270298
2012,United States and Canada,787.0,772.0,5146.666666666667
2013,United States and Canada,404.0,-383.0,-48.665819567979675
2013,United States and Canada,5691.0,5287.0,1308.6633663366338
2013,United States and Canada,14.1,-5676.9,-99.75224037954665
2013,United States and Canada,819.0,804.9,5708.510638297872
2014,United States and Canada,453.0,-366.0,-44.688644688644686
2014,United States and Canada,6295.0,5842.0,1289.6247240618102
2014,United States and Canada,13.9,-6281.1,-99.77918983320096
2014,United States and Canada,890.2,876.3000000000001,6304.3165467625895
2015,United States and Canada,422.0,-468.20000000000005,-52.59492248932824
2015,United States and Canada,5877.0,5455.0,1292.654028436019
2015,United States and Canada,13.9,-5863.1,-99.76348477114175
2015,United States and Canada,925.7,911.8000000000001,6559.712230215827
2016,United States and Canada,492.0,-433.70000000000005,-46.85103165172302
2016,United States and Canada,6334.0,5842.0,1187.3983739837397
2016,United States and Canada,12.9,-6321.1,-99.79633722766025
2016,United States and Canada,1051.1,1038.1999999999998,8048.062015503875
2017,United States and Canada,558.0,-493.0999999999999,-46.91275806298163
2017,United States and Canada,6929.0,6371.0,1141.7562724014338
2017,United States and Canada,12.4,-6916.6,-99.82104199740223
2017,United States and Canada,1137.9,1125.5,9076.612903225807
2018,United States and Canada,546.0,-591.9000000000001,-52.016873187450564
2018,United States and Canada,6347.0,5801.0,1062.4542124542124
2018,United States and Canada,11.6,-6335.4,-99.81723648968016
2018,United States and Canada,1203.3,1191.7,10273.275862068966
2019,United States and Canada,584.0,-619.3,-51.4667996343389
2019,United States and Canada,7952.0,7368.0,1261.6438356164383
2019,United States and Canada,13.6,-7938.4,-99.82897384305835
2019,United States and Canada,1331.7,1318.1000000000001,9691.911764705883
2021,United States and Canada,48.0,-1283.7,-96.39558459112413
2021,United States and Canada,355.0,307.0,639.5833333333333
2021,United States and Canada,7.4,-347.6,-97.91549295774648
2021,United States and Canada,104.0,96.6,1305.4054054054052
2022,United States and Canada,426.0,322.0,309.6153846153846
2022,United States and Canada,3907.0,3481.0,817.1361502347418
2022,United States and Canada,9.2,-3897.8,-99.76452521115947
2022,United States and Canada,1162.0,1152.8,12530.434782608696
2023,United States and Canada,656.0,-506.0,-43.545611015490536
2023,United States and Canada,6179.0,5523.0,841.9207317073171
2023,United States and Canada,9.4,-6169.6,-99.84787182391973
2023,United States and Canada,1536.0,1526.6,16240.425531914892
2024,United States and Canada,508.0,-1028.0,-66.92708333333333
2024,United States and Canada,4457.0,3949.0,777.3622047244095
2024,United States and Canada,8.8,-4448.2,-99.80255777428764
2024,United States and Canada,836.0,827.2,9399.999999999998
